Date,Country,Confirmed Cases,Recovered,Deaths
2020/3/1,Mexico,1,0,0
2020/3/1,Luxembourg,1,0,0
2020/3/1,Kuwait,3,0,0
2020/3/1,Netherlands,5,0,0
2020/3/1,Norway,10,0,0
2020/3/1,Pakistan,1,0,0
2020/3/1,Qatar,1,0,0
2020/3/1,USA,0,0,1
2020/3/1,United Kingdom,15,0,0
2020/3/1,Thailand,0,0,1
2020/3/1,Switzerland,9,0,0
2020/3/1,Sweden,1,0,0
2020/3/1,Korea,376,3,1
2020/3/1,Spain,17,0,0
2020/3/1,Singapore,4,3,0
2020/3/1,San Marino,1,0,0
2020/3/1,Malaysia,4,0,0
2020/3/1,Israel,1,0,0
2020/3/1,China,578,2854,35
2020/3/1,Brazil,1,0,0
2020/3/1,Belgium,1,0,0
2020/3/1,Canada,4,0,0
2020/3/1,Bahrain,3,0,0
2020/3/1,Austria,5,0,0
2020/3/1,Armenia,1,0,0
2020/3/1,Japan,10,19,0
2020/3/1,Croatia,2,0,0
2020/3/1,Azerbaijan,2,0,0
2020/3/1,Australia,3,0,1
2020/3/1,Greece,3,0,0
2020/3/1,France,43,1,0
2020/3/1,Georgia,1,0,0
2020/3/1,Germany,51,0,0
2020/3/1,Iran,385,52,11
2020/3/1,Italy,240,4,8
2020/3/1,Iraq,5,0,0
2020/3/1,Ireland,1,0,0
2020/3/1,Ecuador,1,0,0
2020/3/2,Netherlands,3,0,0
2020/3/2,Korea,809,0,5
2020/3/2,Mexico,1,0,0
2020/3/2,Pakistan,1,0,0
2020/3/2,Egypt,1,0,0
2020/3/2,Singapore,4,2,0
2020/3/2,Spain,26,0,0
2020/3/2,Thailand,1,3,0
2020/3/2,United Kingdom,1,0,0
2020/3/2,Japan,24,0,1
2020/3/2,Switzerland,3,0,0
2020/3/2,Australia,1,0,0
2020/3/2,Norway,2,0,0
2020/3/2,Indonesia,2,0,0
2020/3/2,Canada,4,0,0
2020/3/2,Austria,4,0,0
2020/3/2,Bahrain,6,0,0
2020/3/2,China,203,2681,42
2020/3/2,Czech Republic,3,0,0
2020/3/2,Italy,566,33,5
2020/3/2,Diamond Princess Cruise Ship,1,0,0
2020/3/2,Ecuador,5,0,0
2020/3/2,Andorra,1,0,0
2020/3/2,France,30,0,0
2020/3/2,Germany,13,0,0
2020/3/2,USA,14,0,0
2020/3/2,Iran,523,0,12
2020/3/2,Iraq,6,0,0
2020/3/2,Dominican Republic,1,0,0
2020/3/2,Finland,3,0,0
2020/3/3,Portugal,2,0,0
2020/3/3,Mexico,0,1,0
2020/3/3,Oman,6,1,0
2020/3/3,Norway,13,0,0
2020/3/3,Lebanon,7,0,0
2020/3/3,Morocco,1,0,0
2020/3/3,Malaysia,7,4,0
2020/3/3,Kuwait,10,0,0
2020/3/3,Qatar,6,0,0
2020/3/3,United Kingdom,15,0,0
2020/3/3,Korea,851,0,9
2020/3/3,Pakistan,1,0,0
2020/3/3,USA,23,0,5
2020/3/3,Ukraine,1,0,0
2020/3/3,Switzerland,19,2,0
2020/3/3,Sweden,6,0,0
2020/3/3,Senegal,1,0,0
2020/3/3,Spain,66,0,0
2020/3/3,Singapore,4,0,0
2020/3/3,Saudi Arabia,1,0,0
2020/3/3,Japan,15,0,0
2020/3/3,Belarus,2,0,0
2020/3/3,Czech Republic,2,0,0
2020/3/3,China,128,2591,33
2020/3/3,Jordan,1,0,0
2020/3/3,Croatia,2,0,0
2020/3/3,Australia,11,0,0
2020/3/3,Netherlands,14,0,0
2020/3/3,Belgium,11,0,0
2020/3/3,Denmark,3,0,0
2020/3/3,India,3,0,0
2020/3/3,Iceland,8,0,0
2020/3/3,Iran,835,260,11
2020/3/3,Germany,66,0,0
2020/3/3,Italy,342,66,18
2020/3/4,Korea,435,11,2
2020/3/4,New Zealand,1,0,0
2020/3/4,Norway,1,0,0
2020/3/4,Latvia,1,0,0
2020/3/4,Malaysia,14,0,0
2020/3/4,Liechtenstein,1,0,0
2020/3/4,Poland,1,0,0
2020/3/4,Romania,1,1,0
2020/3/4,USA,22,0,3
2020/3/4,United Arab Emirates,6,0,0
2020/3/4,Tunisia,1,0,0
2020/3/4,Switzerland,12,0,0
2020/3/4,Sweden,11,0,0
2020/3/4,Spain,15,0,1
2020/3/4,China,121,2564,36
2020/3/4,Chile,1,0,0
2020/3/4,Canada,6,0,0
2020/3/4,Belarus,1,0,0
2020/3/4,Bahrain,2,0,0
2020/3/4,Australia,1,6,0
2020/3/4,Argentina,1,0,0
2020/3/4,Austria,10,0,0
2020/3/4,Denmark,4,0,0
2020/3/4,Italy,466,11,27
2020/3/4,Ireland,1,0,0
2020/3/4,Iraq,13,0,1
2020/3/4,Iran,586,117,15
2020/3/4,India,9,0,0
2020/3/4,Iceland,5,0,0
2020/3/4,Germany,44,0,0
2020/3/4,France,82,0,2
2020/3/4,Ecuador,1,0,0
2020/3/4,Japan,15,5,0
2020/3/5,Singapore,2,5,0
2020/3/5,Norway,23,0,0
2020/3/5,USA,31,0,2
2020/3/5,Oman,3,0,0
2020/3/5,Korea,467,0,3
2020/3/5,New Zealand,1,0,0
2020/3/5,Lebanon,5,1,0
2020/3/5,Netherlands,14,0,0
2020/3/5,Mexico,1,0,0
2020/3/5,United Arab Emirates,1,0,0
2020/3/5,Thailand,4,0,0
2020/3/5,Switzerland,8,0,0
2020/3/5,United Kingdom,34,0,0
2020/3/5,Senegal,3,0,0
2020/3/5,Sweden,22,0,0
2020/3/5,Spain,64,0,0
2020/3/5,Slovenia,1,0,0
2020/3/5,Saudi Arabia,1,0,0
2020/3/5,San Marino,9,0,0
2020/3/5,Russia,1,0,0
2020/3/5,Romania,2,0,0
2020/3/5,Portugal,3,0,0
2020/3/5,Greece,3,0,0
2020/3/5,China,157,2307,32
2020/3/5,Chile,2,0,0
2020/3/5,Canada,3,0,0
2020/3/5,Brazil,1,0,0
2020/3/5,Bosnia and Herzegovina,1,0,0
2020/3/5,Belarus,2,0,0
2020/3/5,Belgium,10,0,0
2020/3/5,Australia,12,0,1
2020/3/5,Algeria,7,0,0
2020/3/5,Denmark,5,0,0
2020/3/5,Croatia,1,0,0
2020/3/5,Iceland,12,0,0
2020/3/5,Italy,587,116,28
2020/3/5,Israel,5,0,0
2020/3/5,Iraq,0,0,1
2020/3/5,India,14,0,0
2020/3/5,Japan,27,0,0
2020/3/5,Germany,109,0,0
2020/3/5,France,73,0,0
2020/3/5,Finland,1,0,0
2020/3/5,Hungary,2,0,0
2020/3/5,Ecuador,3,0,0
2020/3/6,Estonia,4,0,0
2020/3/6,Ecuador,3,0,0
2020/3/6,Diamond Princess Cruise Ship,-10,0,0
2020/3/6,Russia,5,0,0
2020/3/6,Finland,8,0,0
2020/3/6,India,2,0,0
2020/3/6,Hungary,1,0,0
2020/3/6,Iceland,8,0,0
2020/3/6,Iran,1825,361,32
2020/3/6,Denmark,5,1,0
2020/3/6,Iraq,6,0,0
2020/3/6,Czech Republic,7,0,0
2020/3/6,China,153,1650,29
2020/3/6,Algeria,9,0,0
2020/3/6,Germany,216,0,0
2020/3/6,Indonesia,2,0,0
2020/3/6,Austria,17,0,0
2020/3/6,Ireland,11,0,0
2020/3/6,Cameroon,1,0,0
2020/3/6,Croatia,1,0,0
2020/3/6,Belgium,86,0,0
2020/3/6,Brazil,5,0,0
2020/3/6,Australia,6,1,0
2020/3/6,Canada,15,0,0
2020/3/6,Chile,1,0,0
2020/3/6,Bahrain,7,4,0
2020/3/6,Israel,2,1,0
2020/3/6,Greece,35,0,0
2020/3/6,Japan,40,0,0
2020/3/6,Republic of Serbia,1,0,0
2020/3/6,Argentina,1,0,0
2020/3/6,Italy,838,138,41
2020/3/6,San Marino,13,0,0
2020/3/6,Thailand,1,0,0
2020/3/6,Peru,1,0,0
2020/3/6,Slovenia,5,0,0
2020/3/6,South Africa,1,0,0
2020/3/6,Spain,116,0,0
2020/3/6,Status Civitatis Vaticanae,1,0,0
2020/3/6,Switzerland,62,1,1
2020/3/6,Singapore,18,3,0
2020/3/6,United Arab Emirates,1,0,0
2020/3/6,Philippines,2,0,0
2020/3/6,Palestine,7,0,0
2020/3/6,USA,79,0,3
2020/3/6,United Kingdom,31,0,1
2020/3/6,France,292,0,5
2020/3/6,Sweden,42,0,0
2020/3/6,Korea,505,0,6
2020/3/6,Kuwait,2,0,0
2020/3/6,Malaysia,5,0,0
2020/3/6,Kingdom of Bhutan,1,0,0
2020/3/6,New Zealand,1,0,0
2020/3/6,Oman,1,0,0
2020/3/6,Norway,30,0,0
2020/3/6,Pakistan,1,0,0
2020/3/6,Netherlands,44,0,0
2020/3/7,New Zealand,1,0,0
2020/3/7,Philippines,1,0,0
2020/3/7,USA,92,7,0
2020/3/7,Norway,27,0,0
2020/3/7,Palestine,9,0,0
2020/3/7,Portugal,3,0,0
2020/3/7,Malaysia,28,1,0
2020/3/7,Poland,4,0,0
2020/3/7,United Kingdom,47,0,0
2020/3/7,Netherlands,46,0,1
2020/3/7,United Arab Emirates,16,2,0
2020/3/7,Togo,1,0,0
2020/3/7,Thailand,2,0,0
2020/3/7,Switzerland,82,0,0
2020/3/7,Qatar,4,0,0
2020/3/7,Vietnam,2,0,0
2020/3/7,Sweden,43,0,0
2020/3/7,Romania,3,2,0
2020/3/7,Spain,42,0,0
2020/3/7,Korea,448,67,5
2020/3/7,Cameroon,1,0,0
2020/3/7,Costa Rica,1,0,0
2020/3/7,Colombia,1,0,0
2020/3/7,China,81,1591,28
2020/3/7,Canada,5,0,0
2020/3/7,Czech Republic,6,0,0
2020/3/7,Austria,14,0,0
2020/3/7,Denmark,3,0,0
2020/3/7,Argentina,6,0,0
2020/3/7,Australia,5,0,0
2020/3/7,Luxembourg,2,0,0
2020/3/7,Brazil,5,0,0
2020/3/7,Croatia,1,0,0
2020/3/7,Japan,49,0,0
2020/3/7,Italy,709,109,49
2020/3/7,Israel,4,0,0
2020/3/7,Ireland,5,0,0
2020/3/7,Iran,1076,756,21
2020/3/7,India,2,0,0
2020/3/7,Iceland,11,0,0
2020/3/7,Egypt,13,0,0
2020/3/7,Greece,1,0,0
2020/3/7,Grand Princess,21,0,0
2020/3/7,Germany,122,0,0
2020/3/7,Georgia,6,0,0
2020/3/7,France,36,0,0
2020/3/7,Estonia,5,0,0
2020/3/7,Iraq,8,0,2
2020/3/8,Paraguay,1,0,0
2020/3/8,Palestine,3,0,0
2020/3/8,Pakistan,0,1,0
2020/3/8,Peru,5,0,0
2020/3/8,North Macedonia,2,0,0
2020/3/8,Norway,34,0,0
2020/3/8,Malta,1,0,0
2020/3/8,Mexico,1,0,0
2020/3/8,Maldives,2,0,0
2020/3/8,Malaysia,10,0,0
2020/3/8,Lebanon,13,0,0
2020/3/8,Netherlands,60,0,0
2020/3/8,Poland,1,0,0
2020/3/8,Sweden,24,0,0
2020/3/8,Vietnam,3,0,0
2020/3/8,Switzerland,18,0,0
2020/3/8,USA,121,0,5
2020/3/8,Slovakia,3,0,0
2020/3/8,Portugal,7,0,0
2020/3/8,Spain,129,0,9
2020/3/8,South Africa,1,0,0
2020/3/8,Singapore,8,0,0
2020/3/8,Saudi Arabia,5,0,0
2020/3/8,San Marino,3,0,0
2020/3/8,Russia,2,1,0
2020/3/8,Slovenia,6,0,0
2020/3/8,Romania,4,0,0
2020/3/8,Bosnia and Herzegovina,2,0,0
2020/3/8,China,53,1854,28
2020/3/8,Chile,3,0,0
2020/3/8,Brazil,6,0,0
2020/3/8,Belgium,60,0,0
2020/3/8,Korea,273,0,3
2020/3/8,Afghanistan,3,0,0
2020/3/8,Algeria,2,0,0
2020/3/8,Bahrain,21,0,0
2020/3/8,Argentina,1,0,1
2020/3/8,Australia,10,0,1
2020/3/8,Austria,24,0,0
2020/3/8,United Kingdom,43,0,1
2020/3/8,Czech Republic,3,0,0
2020/3/8,Denmark,4,0,0
2020/3/8,Canada,7,0,0
2020/3/8,Egypt,18,0,0
2020/3/8,Japan,43,0,1
2020/3/8,Italy,1247,66,36
2020/3/8,Israel,4,0,0
2020/3/8,Ireland,1,0,0
2020/3/8,Iran,743,465,49
2020/3/8,India,6,0,0
2020/3/8,Iceland,5,0,0
2020/3/8,Iraq,8,0,0
2020/3/8,Greece,20,0,0
2020/3/8,Germany,160,0,0
2020/3/8,Georgia,4,0,0
2020/3/8,France,336,0,7
2020/3/8,Finland,4,0,0
2020/3/8,Cambodia,1,0,0
2020/3/8,Hungary,2,0,0
2020/3/9,Tunisia,1,0,0
2020/3/9,Nigeria,1,0,0
2020/3/9,Korea,164,58,3
2020/3/9,Moldova,1,0,0
2020/3/9,Maldives,2,0,0
2020/3/9,Malaysia,24,0,0
2020/3/9,Luxembourg,2,0,0
2020/3/9,Switzerland,84,0,1
2020/3/9,Lebanon,4,0,0
2020/3/9,Norway,22,0,0
2020/3/9,Philippines,4,0,0
2020/3/9,Portugal,15,0,0
2020/3/9,Romania,2,0,0
2020/3/9,Slovakia,2,0,0
2020/3/9,Slovenia,4,0,0
2020/3/9,Spain,483,0,15
2020/3/9,Sweden,52,0,0
2020/3/9,Latvia,5,0,0
2020/3/9,San Marino,10,0,0
2020/3/9,Poland,2,0,0
2020/3/9,Hungary,4,0,0
2020/3/9,Brazil,6,0,0
2020/3/9,Bulgaria,2,0,0
2020/3/9,Canada,6,0,0
2020/3/9,Chile,1,0,0
2020/3/9,China,37,1412,23
2020/3/9,Costa Rica,8,0,0
2020/3/9,Denmark,8,0,0
2020/3/9,Finland,11,0,0
2020/3/9,Bahrain,32,10,0
2020/3/9,France,177,0,3
2020/3/9,Egypt,22,11,0
2020/3/9,Czech Republic,11,0,0
2020/3/9,Australia,9,0,0
2020/3/9,USA,127,0,2
2020/3/9,Japan,51,0,2
2020/3/9,Italy,1492,33,133
2020/3/9,Israel,14,0,0
2020/3/9,Ireland,2,0,0
2020/3/9,Iraq,7,0,2
2020/3/9,Iceland,8,0,0
2020/3/9,Iran,595,60,43
2020/3/9,Germany,265,0,0
2020/3/9,Argentina,3,0,0
2020/3/9,Austria,23,0,0
2020/3/9,Belgium,70,0,0
2020/3/10,North Macedonia,4,0,0
2020/3/10,Pakistan,10,0,0
2020/3/10,Panama,1,0,0
2020/3/10,Philippines,23,0,0
2020/3/10,Morocco,2,0,0
2020/3/10,Latvia,2,0,0
2020/3/10,Mongolia,1,0,0
2020/3/10,Maldives,2,0,0
2020/3/10,Malaysia,12,0,0
2020/3/10,Poland,10,0,0
2020/3/10,Netherlands,194,0,3
2020/3/10,United Kingdom,113,0,0
2020/3/10,Qatar,7,0,0
2020/3/10,United Arab Emirates,29,0,0
2020/3/10,Tunisia,3,0,0
2020/3/10,Thailand,3,0,0
2020/3/10,Switzerland,164,0,1
2020/3/10,Sweden,113,0,0
2020/3/10,USA,132,0,5
2020/3/10,Spain,649,0,10
2020/3/10,Slovenia,9,0,0
2020/3/10,Slovakia,2,0,0
2020/3/10,Singapore,28,0,0
2020/3/10,Saudi Arabia,13,0,0
2020/3/10,San Marino,15,0,2
2020/3/10,Romania,2,0,0
2020/3/10,Republic of Serbia,3,0,0
2020/3/10,Vietnam,13,0,0
2020/3/10,Kuwait,11,0,0
2020/3/10,Cyprus,2,0,0
2020/3/10,Chile,5,0,0
2020/3/10,Canada,11,0,1
2020/3/10,Burkina Faso,2,0,0
2020/3/10,Brunei,6,0,0
2020/3/10,Belarus,3,2,0
2020/3/10,Bosnia and Herzegovina,2,0,0
2020/3/10,China,27,1374,16
2020/3/10,Austria,55,2,0
2020/3/10,Korea,35,81,1
2020/3/10,Afghanistan,1,0,0
2020/3/10,Albania,6,0,0
2020/3/10,Bangladesh,3,0,0
2020/3/10,Argentina,5,0,0
2020/3/10,Australia,18,0,0
2020/3/10,Azerbaijan,8,0,0
2020/3/10,Denmark,78,0,0
2020/3/10,Croatia,1,0,0
2020/3/10,Japan,67,56,3
2020/3/10,Italy,1797,102,97
2020/3/10,Israel,11,0,0
2020/3/10,Ireland,3,0,0
2020/3/10,Iraq,6,9,1
2020/3/10,Iran,881,537,54
2020/3/10,Indonesia,23,2,0
2020/3/10,India,19,0,0
2020/3/10,Iceland,2,0,0
2020/3/10,Greece,23,0,0
2020/3/10,Czech Republic,8,0,0
2020/3/10,Germany,127,0,2
2020/3/10,France,480,0,11
2020/3/10,Finland,10,0,0
2020/3/10,Estonia,2,0,0
2020/3/10,Egypt,4,0,0
2020/3/10,Diamond Princess Cruise Ship,0,427,0
2020/3/11,Pakistan,2,0,0
2020/3/11,Paraguay,1,0,0
2020/3/11,Norway,108,0,0
2020/3/11,Vietnam,1,0,0
2020/3/11,Saudi Arabia,1,0,0
2020/3/11,Palestine,11,0,0
2020/3/11,Philippines,2,0,0
2020/3/11,Panama,7,0,1
2020/3/11,Oman,2,0,0
2020/3/11,Malta,4,0,0
2020/3/11,Lithuania,2,0,0
2020/3/11,Lebanon,20,0,1
2020/3/11,SriLanka,1,0,0
2020/3/11,Sweden,29,0,0
2020/3/11,Thailand,6,3,0
2020/3/11,United Kingdom,54,0,4
2020/3/11,Turkey,1,0,0
2020/3/11,USA,300,0,5
2020/3/11,Poland,4,0,0
2020/3/11,Spain,480,181,12
2020/3/11,South Africa,5,0,0
2020/3/11,Slovenia,6,0,0
2020/3/11,San Marino,11,0,0
2020/3/11,Russia,10,0,0
2020/3/11,Romania,11,0,0
2020/3/11,Republic of Serbia,1,0,0
2020/3/11,Qatar,6,0,0
2020/3/11,Korea,242,41,7
2020/3/11,Cambodia,1,0,0
2020/3/11,Azerbaijan,2,3,0
2020/3/11,China,37,1470,22
2020/3/11,Chile,4,0,0
2020/3/11,Canada,16,0,0
2020/3/11,Bolivia,2,0,0
2020/3/11,Costa Rica,4,0,0
2020/3/11,Brazil,9,0,0
2020/3/11,Austria,25,0,0
2020/3/11,Croatia,2,0,0
2020/3/11,Australia,16,0,0
2020/3/11,Afghanistan,2,0,0
2020/3/11,Bosnia and Herzegovina,2,0,0
2020/3/11,Algeria,1,0,0
2020/3/11,Argentina,2,0,0
2020/3/11,Belgium,28,0,0
2020/3/11,Czech Republic,21,0,0
2020/3/11,Georgia,10,0,0
2020/3/11,Colombia,2,0,0
2020/3/11,Japan,39,0,2
2020/3/11,Italy,1111,280,168
2020/3/11,Israel,25,0,0
2020/3/11,Ireland,10,0,0
2020/3/11,Iraq,4,0,0
2020/3/11,Iran,958,228,63
2020/3/11,Indonesia,0,0,1
2020/3/11,India,3,0,0
2020/3/11,Iceland,9,0,0
2020/3/11,Jamaica,1,0,0
2020/3/11,Germany,285,0,0
2020/3/11,France,178,0,3
2020/3/11,Estonia,1,0,0
2020/3/11,Denmark,149,0,0
2020/3/11,Egypt,0,0,1
2020/3/11,Ecuador,2,0,0
2020/3/11,Diamond Princess Cruise Ship,0,0,1
2020/3/11,Democratic Republic of the Congo,1,0,0
2020/3/12,Netherlands,121,0,1
2020/3/12,Morocco,3,0,2
2020/3/12,Latvia,2,0,0
2020/3/12,Norway,212,0,0
2020/3/12,North Macedonia,2,0,0
2020/3/12,Panama,3,0,0
2020/3/12,Moldova,2,0,0
2020/3/12,Mexico,4,0,0
2020/3/12,Malta,1,0,0
2020/3/12,Luxembourg,2,0,0
2020/3/12,Korea,114,0,0
2020/3/12,Malaysia,29,9,0
2020/3/12,Philippines,17,0,1
2020/3/12,Spain,840,6,37
2020/3/12,Thailand,11,0,0
2020/3/12,Monaco,1,0,0
2020/3/12,Sweden,145,0,8
2020/3/12,Tunisia,2,0,0
2020/3/12,United Kingdom,87,0,0
2020/3/12,Vietnam,9,0,0
2020/3/12,SriLanka,1,0,0
2020/3/12,South Africa,10,0,0
2020/3/12,Slovenia,26,0,0
2020/3/12,Slovakia,3,0,0
2020/3/12,Singapore,21,0,0
2020/3/12,San Marino,7,0,1
2020/3/12,Russia,8,0,0
2020/3/12,Romania,21,0,0
2020/3/12,Republic of Serbia,14,0,0
2020/3/12,Qatar,239,0,0
2020/3/12,Portugal,29,0,0
2020/3/12,Poland,9,0,0
2020/3/12,Saudi Arabia,24,0,0
2020/3/12,Cambodia,2,0,0
2020/3/12,Japan,37,0,3
2020/3/12,Cuba,3,0,0
2020/3/12,Colombia,6,0,0
2020/3/12,China,12,1256,11
2020/3/12,Canada,14,0,0
2020/3/12,Bulgaria,5,0,0
2020/3/12,Brazil,18,0,0
2020/3/12,Bosnia and Herzegovina,4,0,0
2020/3/12,Bahrain,86,21,0
2020/3/12,Austria,64,0,0
2020/3/12,Australia,27,2,0
2020/3/12,Armenia,3,0,0
2020/3/12,Croatia,4,0,0
2020/3/12,Algeria,5,8,1
2020/3/12,Albania,9,0,0
2020/3/12,Azerbaijan,2,0,0
2020/3/12,Chile,6,0,0
2020/3/12,Belgium,132,0,3
2020/3/12,Brunei,19,0,0
2020/3/12,Finland,25,0,0
2020/3/12,Cyprus,4,0,0
2020/3/12,Ivory Coast,1,0,0
2020/3/12,Italy,2179,41,196
2020/3/12,Israel,25,0,0
2020/3/12,Ireland,9,0,1
2020/3/12,Iraq,-3,6,1
2020/3/12,India,12,0,0
2020/3/12,Iceland,21,0,0
2020/3/12,Honduras,2,0,0
2020/3/12,Guyana,1,0,1
2020/3/12,Iran,1075,317,75
2020/3/12,Greece,0,0,1
2020/3/12,Costa Rica,9,0,0
2020/3/12,Germany,554,0,1
2020/3/12,Georgia,1,0,0
2020/3/12,France,497,0,15
2020/3/12,Estonia,3,0,0
2020/3/12,Egypt,8,-4,0
2020/3/12,Diamond Princess Cruise Ship,1,0,0
2020/3/12,Denmark,252,0,0
2020/3/12,Czech Republic,30,0,0
2020/3/13,Palestine,1,0,0
2020/3/13,Pakistan,2,0,0
2020/3/13,Panama,16,0,0
2020/3/13,Oman,1,0,0
2020/3/13,Norway,214,0,0
2020/3/13,Moldova,3,0,0
2020/3/13,Netherlands,301,0,0
2020/3/13,Kenya,1,0,0
2020/3/13,Mexico,4,0,0
2020/3/13,Maldives,3,0,0
2020/3/13,Lebanon,25,0,2
2020/3/13,Latvia,6,0,0
2020/3/13,Kuwait,11,0,0
2020/3/13,Korea,110,222,11
2020/3/13,Kazakstan,3,0,0
2020/3/13,Peru,16,0,0
2020/3/13,Martinique,3,0,0
2020/3/13,Switzerland,533,0,1
2020/3/13,United Arab Emirates,11,13,0
2020/3/13,Philippines,12,0,0
2020/3/13,Trinidad and Tobago,1,0,0
2020/3/13,Sweden,183,0,0
2020/3/13,Thailand,5,0,0
2020/3/13,Tunisia,6,0,0
2020/3/13,Turkey,1,0,0
2020/3/13,Ukraine,2,0,0
2020/3/13,United Kingdom,130,0,0
2020/3/13,USA,631,0,8
2020/3/13,Vietnam,3,0,0
2020/3/13,Senegal,6,0,0
2020/3/13,Spain,1241,0,36
2020/3/13,South Africa,7,0,0
2020/3/13,Slovenia,32,0,0
2020/3/13,Slovakia,6,0,0
2020/3/13,Singapore,13,0,0
2020/3/13,Saudi Arabia,17,1,0
2020/3/13,Saint Barthelemy,1,0,0
2020/3/13,Russia,17,0,0
2020/3/13,Romania,21,0,0
2020/3/13,Republic of Serbia,12,0,0
2020/3/13,Qatar,-1,0,0
2020/3/13,Poland,20,0,0
2020/3/13,Sint Maarten,2,0,0
2020/3/13,Denmark,271,0,0
2020/3/13,Czech Republic,5,0,0
2020/3/13,Cyprus,8,0,0
2020/3/13,Croatia,12,0,0
2020/3/13,China,14,1303,8
2020/3/13,Chile,10,0,0
2020/3/13,Canada,42,0,0
2020/3/13,Bulgaria,16,0,0
2020/3/13,Brunei,11,0,0
2020/3/13,Bosnia and Herzegovina,2,0,0
2020/3/13,Cuba,1,0,0
2020/3/13,Andorra,1,1,0
2020/3/13,Belarus,3,0,0
2020/3/13,Japan,54,33,2
2020/3/13,Albania,18,0,0
2020/3/13,Algeria,1,2,1
2020/3/13,Argentina,12,0,0
2020/3/13,Austria,115,2,1
2020/3/13,Bahrain,15,0,0
2020/3/13,Belgium,157,0,0
2020/3/13,Brazil,25,0,0
2020/3/13,Democratic Republic of the Congo,1,0,0
2020/3/13,Georgia,1,0,0
2020/3/13,Italy,2651,213,189
2020/3/13,Israel,26,0,0
2020/3/13,Ireland,27,0,0
2020/3/13,Iraq,15,9,0
2020/3/13,Iran,1289,253,85
2020/3/13,Indonesia,42,0,0
2020/3/13,India,8,0,0
2020/3/13,Iceland,19,0,0
2020/3/13,Azerbaijan,4,0,1
2020/3/13,Greece,28,0,0
2020/3/13,Guernsey,1,0,0
2020/3/13,Hungary,7,0,0
2020/3/13,Gibraltar,1,0,0
2020/3/13,French Guiana,5,0,0
2020/3/13,Ghana,2,0,0
2020/3/13,Germany,1039,0,4
2020/3/13,Gabon,1,0,0
2020/3/13,French Polynesia,1,0,0
2020/3/13,Finland,90,0,0
2020/3/13,Faroe,2,0,0
2020/3/13,Ethiopia,1,0,0
2020/3/13,Estonia,1,0,0
2020/3/13,Egypt,13,2,1
2020/3/13,France,595,0,13
2020/3/14,New Zealand,1,0,0
2020/3/14,North Macedonia,4,0,0
2020/3/14,Norway,47,0,0
2020/3/14,Panama,9,0,0
2020/3/14,Palestine,4,0,0
2020/3/14,Paraguay,4,0,0
2020/3/14,Namibia,2,0,0
2020/3/14,Philippines,34,0,4
2020/3/14,Peru,6,0,0
2020/3/14,Pakistan,9,0,0
2020/3/14,Kazakstan,3,0,0
2020/3/14,Morocco,1,0,0
2020/3/14,USA,449,0,2
2020/3/14,Poland,17,0,0
2020/3/14,Kuwait,20,0,0
2020/3/14,Latvia,2,0,0
2020/3/14,Lebanon,16,0,0
2020/3/14,Oman,1,7,0
2020/3/14,Lithuania,3,0,0
2020/3/14,Maldives,1,0,0
2020/3/14,Mexico,11,0,0
2020/3/14,Moldova,2,0,0
2020/3/14,Korea,107,0,0
2020/3/14,Vietnam,6,0,0
2020/3/14,Reunion Island,3,0,0
2020/3/14,United Kingdom,208,0,0
2020/3/14,Senegal,11,2,0
2020/3/14,Venezuela,2,0,0
2020/3/14,Uruguay,4,0,0
2020/3/14,Thailand,7,0,0
2020/3/14,Turkey,3,0,0
2020/3/14,Suriname,1,0,0
2020/3/14,Switzerland,180,0,0
2020/3/14,Qatar,76,0,0
2020/3/14,San Marino,4,2,2
2020/3/14,Sudan,1,0,1
2020/3/14,Romania,27,0,0
2020/3/14,Russia,2,0,0
2020/3/14,Saint Vincent and the Grenadines,1,0,0
2020/3/14,SriLanka,5,0,0
2020/3/14,Sweden,92,0,0
2020/3/14,Saudi Arabia,24,0,0
2020/3/14,Slovakia,16,0,0
2020/3/14,Slovenia,52,0,0
2020/3/14,Republic of Serbia,10,0,0
2020/3/14,Spain,1023,0,0
2020/3/14,Cyprus,7,0,0
2020/3/14,Indonesia,27,0,0
2020/3/14,Brazil,21,0,0
2020/3/14,Brunei,4,0,0
2020/3/14,Bulgaria,7,0,0
2020/3/14,Cameroon,1,0,0
2020/3/14,Canada,49,0,0
2020/3/14,China,34,1461,13
2020/3/14,Colombia,4,0,0
2020/3/14,Croatia,6,0,0
2020/3/14,Czech Republic,45,0,0
2020/3/14,Austria,143,2,0
2020/3/14,Malaysia,80,0,0
2020/3/14,Algeria,11,0,0
2020/3/14,Argentina,3,1,1
2020/3/14,Denmark,16,0,0
2020/3/14,Chile,10,0,0
2020/3/14,Armenia,9,0,0
2020/3/14,Bailiwick of Jersey,2,0,0
2020/3/14,Australia,92,0,0
2020/3/14,Afghanistan,3,0,0
2020/3/14,Bahrain,1,0,0
2020/3/14,Belgium,133,0,0
2020/3/14,Japan,35,0,2
2020/3/14,Italy,2547,181,250
2020/3/14,Israel,28,0,0
2020/3/14,Ecuador,8,0,1
2020/3/14,Iran,1365,0,0
2020/3/14,Iraq,10,0,1
2020/3/14,Iceland,19,0,0
2020/3/14,Hungary,3,1,0
2020/3/14,India,3,0,0
2020/3/14,Greece,73,0,0
2020/3/14,Ireland,20,0,0
2020/3/14,Estonia,51,0,0
2020/3/14,Egypt,13,11,0
2020/3/14,Jordan,0,1,0
2020/3/14,France,785,0,18
2020/3/14,Guatemala,1,0,0
2020/3/15,Hungary,11,0,0
2020/3/15,India,23,0,2
2020/3/15,Indonesia,21,0,1
2020/3/15,Iceland,28,0,0
2020/3/15,Germany,1749,0,2
2020/3/15,Guinea,1,0,0
2020/3/15,Ireland,39,0,1
2020/3/15,Japan,71,0,3
2020/3/15,Latvia,8,0,0
2020/3/15,France,839,24,12
2020/3/15,Luxembourg,52,0,1
2020/3/15,Lithuania,2,0,0
2020/3/15,Iran,1209,1061,210
2020/3/15,Lebanon,6,0,0
2020/3/15,Korea,76,324,3
2020/3/15,Kazakstan,2,0,0
2020/3/15,Jordan,6,0,0
2020/3/15,Kuwait,0,5,0
2020/3/15,Greece,38,0,2
2020/3/15,Austria,151,0,0
2020/3/15,Algeria,8,0,1
2020/3/15,Finland,69,0,0
2020/3/15,Australia,36,0,0
2020/3/15,Malta,12,0,0
2020/3/15,Belarus,15,1,0
2020/3/15,Israel,46,0,0
2020/3/15,Belgium,197,0,0
2020/3/15,Bahrain,3,25,0
2020/3/15,Azerbaijan,0,3,0
2020/3/15,Armenia,7,0,0
2020/3/15,Czech Republic,48,0,0
2020/3/15,Iraq,17,0,0
2020/3/15,Argentina,11,0,0
2020/3/15,Brazil,53,0,0
2020/3/15,Antigua and Barbuda,1,0,0
2020/3/15,Albania,5,0,1
2020/3/15,Afghanistan,6,0,0
2020/3/15,Malaysia,190,0,0
2020/3/15,Bosnia and Herzegovina,8,0,0
2020/3/15,Brunei,10,0,0
2020/3/15,Bulgaria,13,0,2
2020/3/15,Estonia,41,0,0
2020/3/15,Egypt,17,0,0
2020/3/15,Denmark,26,0,0
2020/3/15,Ivory Coast,3,0,0
2020/3/15,Democratic Republic of the Congo,1,0,0
2020/3/15,Italy,3610,527,175
2020/3/15,Georgia,5,0,0
2020/3/15,The Republic of Equatorial Guinea,1,0,0
2020/3/15,Uruguay,2,0,0
2020/3/15,China,33,1362,10
2020/3/15,Chile,18,0,0
2020/3/15,Canada,55,0,0
2020/3/15,United Kingdom,342,10,15
2020/3/15,Maldives,3,0,0
2020/3/15,The Islamic Republic of Mauritania,1,0,0
2020/3/15,Senegal,3,0,0
2020/3/15,Seychelles,2,0,0
2020/3/15,Singapore,12,23,0
2020/3/15,Slovenia,40,0,0
2020/3/15,Colombia,9,0,0
2020/3/15,Thailand,32,1,0
2020/3/15,SriLanka,3,0,0
2020/3/15,Swaziland,1,0,0
2020/3/15,Spain,2521,382,168
2020/3/15,Sweden,186,0,0
2020/3/15,Tunisia,5,0,0
2020/3/15,Turkey,1,0,0
2020/3/15,United Arab Emirates,1,3,0
2020/3/15,Switzerland,0,0,7
2020/3/15,USA,801,0,19
2020/3/15,Slovakia,12,0,0
2020/3/15,Venezuela,8,0,0
2020/3/15,Saudi Arabia,17,0,0
2020/3/15,South Africa,27,0,0
2020/3/15,Moldova,4,0,0
2020/3/15,Monaco,1,0,0
2020/3/15,Morocco,9,0,0
2020/3/15,New Zealand,2,0,0
2020/3/15,Philippines,42,0,5
2020/3/15,Norway,296,0,3
2020/3/15,Mexico,15,0,0
2020/3/15,Oman,1,0,0
2020/3/15,Netherlands,155,0,7
2020/3/15,Russia,12,0,0
2020/3/15,Romania,4,0,0
2020/3/15,Pakistan,5,0,0
2020/3/15,Panama,7,0,0
2020/3/15,Republic of Rwanda,1,0,0
2020/3/15,Portugal,53,0,0
2020/3/15,Poland,36,0,3
2020/3/15,Croatia,9,0,0
2020/3/15,Republic of Serbia,5,0,0
2020/3/16,Norway,31,0,0
2020/3/16,Oman,1,0,0
2020/3/16,Pakistan,19,0,0
2020/3/16,North Macedonia,5,0,0
2020/3/16,Qatar,63,0,0
2020/3/16,Peru,43,0,0
2020/3/16,Poland,21,13,0
2020/3/16,Portugal,133,0,0
2020/3/16,Puerto Rico,3,0,0
2020/3/16,Republic of Rwanda,4,0,0
2020/3/16,Panama,12,0,0
2020/3/16,Netherlands,176,0,8
2020/3/16,Korea,74,303,0
2020/3/16,Republic of Serbia,2,0,0
2020/3/16,Kuwait,12,0,0
2020/3/16,Latvia,4,0,0
2020/3/16,Lebanon,1,0,0
2020/3/16,Liechtenstein,3,0,0
2020/3/16,Malaysia,0,10,0
2020/3/16,Mexico,12,0,0
2020/3/16,Moldova,11,0,0
2020/3/16,United Arab Emirates,12,0,0
2020/3/16,Russia,4,0,0
2020/3/16,Switzerland,374,0,2
2020/3/16,Turkey,12,0,0
2020/3/16,Tunisia,2,0,0
2020/3/16,United Kingdom,403,0,14
2020/3/16,USA,815,0,6
2020/3/16,Uzbekistan,1,0,0
2020/3/16,Vietnam,4,0,0
2020/3/16,Lithuania,4,0,0
2020/3/16,Sweden,62,0,0
2020/3/16,San Marino,25,0,0
2020/3/16,Singapore,14,0,0
2020/3/16,Slovakia,17,0,0
2020/3/16,Slovenia,38,0,0
2020/3/16,Spain,1438,0,21
2020/3/16,SriLanka,8,0,0
2020/3/16,Reunion Island,3,0,0
2020/3/16,Romania,22,0,0
2020/3/16,Cayman Is,1,0,0
2020/3/16,Luxembourg,18,0,0
2020/3/16,Cambodia,2,0,0
2020/3/16,Bulgaria,8,0,0
2020/3/16,Cameroon,1,0,0
2020/3/16,Canada,90,0,0
2020/3/16,Central African Republic,1,0,0
2020/3/16,Chile,14,0,0
2020/3/16,China,37,892,14
2020/3/16,Colombia,23,0,0
2020/3/16,Costa Rica,13,0,0
2020/3/16,Czech Republic,109,0,0
2020/3/16,Brazil,49,0,0
2020/3/16,Bosnia and Herzegovina,3,0,0
2020/3/16,Kenya,2,0,0
2020/3/16,Albania,4,0,0
2020/3/16,Algeria,9,0,0
2020/3/16,Argentina,11,0,0
2020/3/16,Azerbaijan,4,0,0
2020/3/16,Australia,26,3,2
2020/3/16,Austria,205,0,0
2020/3/16,Bahamas,1,0,0
2020/3/16,Bangladesh,2,0,0
2020/3/16,Armenia,6,0,0
2020/3/16,Guyana,3,0,0
2020/3/16,Hungary,2,0,1
2020/3/16,Iceland,21,0,0
2020/3/16,Iran,1053,406,129
2020/3/16,Iraq,14,0,0
2020/3/16,Israel,13,0,0
2020/3/16,Italy,3668,369,368
2020/3/16,Japan,1,22,0
2020/3/16,Diamond Princess Cruise Ship,15,31,0
2020/3/16,Ireland,40,0,0
2020/3/16,Jordan,6,0,0
2020/3/16,Guatemala,1,0,0
2020/3/16,Denmark,37,0,3
2020/3/16,Estonia,62,0,0
2020/3/16,Ethiopia,3,0,0
2020/3/16,Finland,19,0,0
2020/3/16,Egypt,16,5,0
2020/3/16,France,923,0,36
2020/3/16,Georgia,3,0,0
2020/3/16,Germany,1805,0,4
2020/3/16,Ghana,4,0,0
2020/3/16,India,3,0,0
2020/3/16,Greece,103,0,0
2020/3/17,Oman,2,3,0
2020/3/17,Malta,3,0,0
2020/3/17,Pakistan,159,0,0
2020/3/17,Palestine,3,0,0
2020/3/17,Panama,14,0,0
2020/3/17,Paraguay,3,0,0
2020/3/17,Portugal,203,3,1
2020/3/17,Qatar,38,0,0
2020/3/17,Republic of Rwanda,2,0,0
2020/3/17,Republic of Serbia,17,0,0
2020/3/17,Reunion,9,0,0
2020/3/17,Norway,254,0,0
2020/3/17,Poland,80,0,0
2020/3/17,Slovenia,34,0,1
2020/3/17,Liberia,2,0,0
2020/3/17,Nigeria,1,0,0
2020/3/17,Romania,35,0,0
2020/3/17,Liechtenstein,3,0,0
2020/3/17,Lithuania,5,0,0
2020/3/17,Luxembourg,4,0,0
2020/3/17,Malaysia,245,7,2
2020/3/17,New Zealand,3,0,0
2020/3/17,Philippines,47,0,3
2020/3/17,Martinique,12,0,0
2020/3/17,Monaco,6,0,0
2020/3/17,Morocco,22,1,0
2020/3/17,Netherlands,570,0,4
2020/3/17,Mexico,29,0,0
2020/3/17,United Kingdom,407,0,21
2020/3/17,Trinidad and Tobago,1,0,0
2020/3/17,Turkey,29,0,0
2020/3/17,Tanzania,1,0,0
2020/3/17,Ukraine,4,0,2
2020/3/17,USA,961,38,24
2020/3/17,Uruguay,23,0,0
2020/3/17,Uzbekistan,9,0,0
2020/3/17,Venezuela,23,0,0
2020/3/17,Vietnam,9,0,0
2020/3/17,Latvia,4,0,0
2020/3/17,Thailand,63,6,0
2020/3/17,Singapore,40,0,0
2020/3/17,Russia,30,0,0
2020/3/17,San Marino,0,0,2
2020/3/17,Saudi Arabia,30,5,0
2020/3/17,Senegal,3,0,0
2020/3/17,Seychelles,2,0,0
2020/3/17,Switzerland,706,0,6
2020/3/17,Sweden,96,0,-1
2020/3/17,Spain,1987,457,182
2020/3/17,SriLanka,25,0,0
2020/3/17,St.Lucia,1,0,0
2020/3/17,Germany,1169,121,4
2020/3/17,Slovakia,11,0,0
2020/3/17,South Africa,11,0,0
2020/3/17,Lebanon,20,0,0
2020/3/17,Israel,91,3,0
2020/3/17,Cameroon,6,0,0
2020/3/17,Canada,93,0,3
2020/3/17,Cayman Is,0,0,1
2020/3/17,Chile,81,0,0
2020/3/17,China,36,890,13
2020/3/17,Colombia,12,0,0
2020/3/17,Croatia,11,0,0
2020/3/17,Cyprus,12,0,0
2020/3/17,Czech Republic,46,3,0
2020/3/17,Denmark,50,0,1
2020/3/17,Brazil,34,0,0
2020/3/17,Burkina Faso,13,0,0
2020/3/17,Bolivia,9,0,0
2020/3/17,Armenia,38,0,0
2020/3/17,Kuwait,18,7,0
2020/3/17,Afghanistan,6,0,0
2020/3/17,Argentina,9,0,0
2020/3/17,Algeria,6,0,1
2020/3/17,Andorra,13,0,0
2020/3/17,Costa Rica,6,0,0
2020/3/17,Austria,156,0,2
2020/3/17,Bahrain,23,21,1
2020/3/17,Bangladesh,3,0,0
2020/3/17,Belarus,9,0,0
2020/3/17,Korea,84,264,6
2020/3/17,Belgium,357,0,2
2020/3/17,Dominican Republic,20,0,1
2020/3/17,Australia,151,0,0
2020/3/17,Egypt,40,0,0
2020/3/17,Hungary,18,0,0
2020/3/17,Iceland,3,0,0
2020/3/17,India,27,0,1
2020/3/17,Indonesia,55,0,2
2020/3/17,Iran,1178,393,135
2020/3/17,Iraq,30,17,2
2020/3/17,Brunei,6,0,0
2020/3/17,Italy,4084,414,349
2020/3/17,Jamaica,9,0,0
2020/3/17,Japan,62,0,5
2020/3/17,Jordan,21,0,0
2020/3/17,Cambodia,5,0,0
2020/3/17,Ecuador,35,0,1
2020/3/17,Kenya,1,0,0
2020/3/17,Ivory Coast,2,1,0
2020/3/17,Ireland,54,0,0
2020/3/17,Kazakstan,24,0,0
2020/3/17,Estonia,34,0,0
2020/3/17,Faroe,9,0,0
2020/3/17,Finland,29,0,0
2020/3/17,France,1210,0,21
2020/3/17,French Polynesia,2,0,0
2020/3/17,French Guiana,2,0,0
2020/3/17,Greece,21,0,1
2020/3/17,Guatemala,0,0,1
2020/3/17,Azerbaijan,5,0,0
2020/3/17,Ethiopia,1,0,0
2020/3/18,Thailand,35,0,0
2020/3/18,Palestine,3,0,0
2020/3/18,New Zealand,9,0,0
2020/3/18,Pakistan,25,0,0
2020/3/18,North Macedonia,13,0,0
2020/3/18,Norway,121,0,0
2020/3/18,Oman,9,0,0
2020/3/18,Peru,46,0,0
2020/3/18,Philippines,15,0,0
2020/3/18,Poland,33,0,0
2020/3/18,Netherlands,0,0,19
2020/3/18,Panama,17,0,0
2020/3/18,Republic of Rwanda,1,0,0
2020/3/18,Kuwait,12,0,0
2020/3/18,Malaysia,117,11,0
2020/3/18,Latvia,15,0,0
2020/3/18,Republic of Serbia,18,0,0
2020/3/18,Korea,93,139,3
2020/3/18,Malta,9,0,0
2020/3/18,Martinique,1,0,0
2020/3/18,Mexico,11,0,0
2020/3/18,Moldova,7,0,0
2020/3/18,Mongolia,3,0,0
2020/3/18,Luxembourg,122,0,1
2020/3/18,Lithuania,5,0,0
2020/3/18,Spain,2538,53,107
2020/3/18,Trinidad and Tobago,3,0,0
2020/3/18,Turkey,51,0,1
2020/3/18,Slovakia,25,0,0
2020/3/18,Tanzania,2,0,0
2020/3/18,Sweden,72,1,1
2020/3/18,The Republic of Equatorial Guinea,2,0,0
2020/3/18,St.Lucia,1,0,0
2020/3/18,SriLanka,6,0,0
2020/3/18,Kenya,3,0,0
2020/3/18,South Africa,54,0,0
2020/3/18,Sudan,1,0,0
2020/3/18,Kazakstan,3,0,0
2020/3/18,Senegal,4,0,0
2020/3/18,United Arab Emirates,15,3,0
2020/3/18,Russia,54,2,0
2020/3/18,Saint Barthelemy,2,0,0
2020/3/18,San Marino,4,0,2
2020/3/18,Saudi Arabia,38,0,0
2020/3/18,Ukraine,7,0,0
2020/3/18,Romania,59,0,0
2020/3/18,Uzbekistan,5,0,0
2020/3/18,Uruguay,21,0,0
2020/3/18,USA,1759,26,18
2020/3/18,United Kingdom,676,34,4
2020/3/18,Singapore,47,0,0
2020/3/18,Vietnam,2,0,0
2020/3/18,Morocco,11,0,0
2020/3/18,Nigeria,5,1,0
2020/3/18,Brazil,57,0,1
2020/3/18,Bulgaria,30,0,0
2020/3/18,Burkina Faso,5,0,1
2020/3/18,Canada,159,6,4
2020/3/18,Benin,1,0,0
2020/3/18,Cambodia,23,0,0
2020/3/18,Costa Rica,9,0,0
2020/3/18,Croatia,12,0,0
2020/3/18,Cuba,1,0,0
2020/3/18,Cyprus,16,0,0
2020/3/18,Chile,45,0,0
2020/3/18,China,67,961,11
2020/3/18,Democratic Republic of the Congo,4,0,0
2020/3/18,Brunei,12,0,0
2020/3/18,Austria,316,0,0
2020/3/18,Jordan,15,0,0
2020/3/18,Belgium,243,0,9
2020/3/18,Albania,13,0,0
2020/3/18,Algeria,7,0,1
2020/3/18,Andorra,25,0,0
2020/3/18,Argentina,14,0,0
2020/3/18,Armenia,14,0,0
2020/3/18,Azerbaijan,6,0,0
2020/3/18,Bahrain,19,7,0
2020/3/18,Bangladesh,6,3,1
2020/3/18,Barbados,2,0,0
2020/3/18,Somali,1,0,0
2020/3/18,Australia,107,0,0
2020/3/18,Czech Republic,90,0,0
2020/3/18,Egypt,30,0,2
2020/3/18,Honduras,6,0,0
2020/3/18,Hungary,8,1,0
2020/3/18,Iceland,40,0,0
2020/3/18,India,14,11,0
2020/3/18,Indonesia,55,0,15
2020/3/18,Iraq,10,2,1
2020/3/18,Ireland,69,0,0
2020/3/18,Italy,2484,192,345
2020/3/18,Japan,39,0,2
2020/3/18,Iran,1192,321,147
2020/3/18,Denmark,63,0,0
2020/3/18,Israel,129,0,0
2020/3/18,Guam,3,0,0
2020/3/18,Faroe,36,0,0
2020/3/18,Ethiopia,1,0,0
2020/3/18,Finland,47,0,0
2020/3/18,Greece,35,0,1
2020/3/18,France,1097,566,27
2020/3/18,Ecuador,53,0,0
2020/3/18,Estonia,20,0,0
2020/3/18,Gambia,1,0,0
2020/3/18,Germany,3472,0,9
2020/3/18,Ghana,1,0,0
2020/3/18,Gibraltar,2,0,0
2020/3/18,Slovenia,22,0,0
2020/3/18,Gabon,2,0,0
2020/3/18,Georgia,2,0,0
2020/3/19,Moldova,6,1,1
2020/3/19,Sweden,88,0,2
2020/3/19,Switzerland,1169,0,20
2020/3/19,Singapore,32,12,0
2020/3/19,SriLanka,10,0,0
2020/3/19,Slovakia,8,0,1
2020/3/19,Tanzania,3,0,0
2020/3/19,Uruguay,29,0,0
2020/3/19,Latvia,22,0,0
2020/3/19,Spain,3431,0,169
2020/3/19,Kuwait,6,0,0
2020/3/19,Lebanon,29,0,0
2020/3/19,Lithuania,11,0,0
2020/3/19,The Republic of Equatorial Guinea,1,0,0
2020/3/19,Uzbekistan,8,0,0
2020/3/19,Vietnam,7,0,0
2020/3/19,United Kingdom,0,13,44
2020/3/19,United Arab Emirates,27,5,0
2020/3/19,Ukraine,2,0,0
2020/3/19,Turkey,93,0,1
2020/3/19,Tunisia,19,0,0
2020/3/19,Thailand,60,1,0
2020/3/19,Senegal,5,0,0
2020/3/19,Luxembourg,132,0,2
2020/3/19,Saudi Arabia,67,0,0
2020/3/19,Norway,110,0,3
2020/3/19,New Zealand,8,0,0
2020/3/19,Netherlands,755,0,15
2020/3/19,Morocco,9,0,0
2020/3/19,Nigeria,4,0,0
2020/3/19,Mauritius,3,0,0
2020/3/19,Malaysia,110,0,0
2020/3/19,USA,3839,32,45
2020/3/19,Mexico,25,0,1
2020/3/19,Korea,152,407,7
2020/3/19,North Macedonia,4,0,0
2020/3/19,Russia,52,3,1
2020/3/19,Republic of Serbia,6,0,0
2020/3/19,Republic of Rwanda,3,0,0
2020/3/19,Qatar,13,4,0
2020/3/19,Puerto Rico,2,0,0
2020/3/19,Portugal,194,0,0
2020/3/19,Poland,49,0,2
2020/3/19,Philippines,15,6,3
2020/3/19,Peru,28,0,0
2020/3/19,Panama,23,0,0
2020/3/19,Palestine,3,0,0
2020/3/19,Pakistan,64,1,2
2020/3/19,Oman,6,0,0
2020/3/19,San Marino,7,0,5
2020/3/19,Ghana,2,0,0
2020/3/19,Nicaragua,1,0,0
2020/3/19,Cameroon,3,0,0
2020/3/19,Canada,132,0,1
2020/3/19,Chile,37,0,0
2020/3/19,Brunei,5,0,0
2020/3/19,China,62,780,8
2020/3/19,Bulgaria,11,0,0
2020/3/19,Costa Rica,19,0,1
2020/3/19,Cuba,6,0,1
2020/3/19,Cyprus,9,0,0
2020/3/19,Czech Republic,138,0,0
2020/3/19,Democratic Republic of the Congo,7,0,0
2020/3/19,Denmark,80,0,0
2020/3/19,Colombia,45,0,0
2020/3/19,Croatia,0,4,0
2020/3/19,Brazil,223,0,3
2020/3/19,Burkina Faso,7,0,0
2020/3/19,Argentina,18,0,0
2020/3/19,Kazakstan,9,0,0
2020/3/19,Armenia,44,1,0
2020/3/19,Albania,4,0,0
2020/3/19,Andorra,14,0,0
2020/3/19,Australia,80,0,1
2020/3/19,Belgium,309,0,0
2020/3/19,Bahrain,13,12,0
2020/3/19,Bailiwick of Jersey,3,0,0
2020/3/19,Bangladesh,3,0,0
2020/3/19,Belarus,15,0,0
2020/3/19,Algeria,15,2,0
2020/3/19,Austria,314,3,1
2020/3/19,Germany,2667,0,2
2020/3/19,Egypt,14,2,2
2020/3/19,Honduras,1,0,0
2020/3/19,Hungary,15,0,0
2020/3/19,Iceland,30,0,0
2020/3/19,India,22,0,1
2020/3/19,Indonesia,82,7,0
2020/3/19,Iran,1046,269,149
2020/3/19,Japan,37,0,2
2020/3/19,Israel,96,0,0
2020/3/19,Italy,5672,1084,475
2020/3/19,Ivory Coast,3,0,0
2020/3/19,Jordan,8,0,0
2020/3/19,Jamaica,5,0,1
2020/3/19,Guatemala,4,0,0
2020/3/19,EI Salvador,1,0,0
2020/3/19,Malta,8,0,0
2020/3/19,Ireland,74,0,0
2020/3/19,Iraq,13,6,0
2020/3/19,Ecuador,44,0,0
2020/3/19,Fiji,1,0,0
2020/3/19,Finland,40,0,0
2020/3/19,France,1404,0,89
2020/3/19,Estonia,33,0,0
2020/3/19,Georgia,5,0,0
2020/3/19,Greece,31,14,0
2020/3/19,Djibouti,1,0,0
2020/3/20,Malaysia,130,27,1
2020/3/20,Malta,10,0,0
2020/3/20,Lithuania,8,0,0
2020/3/20,Liechtenstein,18,0,0
2020/3/20,Martinique,7,0,0
2020/3/20,Japan,13,0,1
2020/3/20,Lebanon,14,0,1
2020/3/20,Luxembourg,149,0,0
2020/3/20,Kuwait,11,0,0
2020/3/20,Korea,87,286,9
2020/3/20,Kazakstan,5,0,0
2020/3/20,Latvia,15,0,0
2020/3/20,Bahamas,2,0,0
2020/3/20,Hungary,12,0,0
2020/3/20,Iran,1237,766,149
2020/3/20,Indonesia,60,0,13
2020/3/20,India,50,1,1
2020/3/20,Iceland,80,0,0
2020/3/20,Mexico,46,0,0
2020/3/20,Panama,26,0,0
2020/3/20,Monaco,2,0,0
2020/3/20,Russia,54,0,0
2020/3/20,Romania,60,22,0
2020/3/20,Reunion,3,0,0
2020/3/20,Republic of Serbia,29,0,0
2020/3/20,Italy,3857,415,427
2020/3/20,Jordan,13,0,0
2020/3/20,Iraq,15,0,1
2020/3/20,Philippines,13,0,1
2020/3/20,Peru,89,0,1
2020/3/20,Paraguay,2,0,0
2020/3/20,Palestine,3,0,0
2020/3/20,Pakistan,147,0,0
2020/3/20,Oman,9,1,0
2020/3/20,Norway,196,0,1
2020/3/20,North Macedonia,32,0,0
2020/3/20,Poland,68,0,0
2020/3/20,Niger,1,0,0
2020/3/20,New Zealand,11,0,0
2020/3/20,Netherlands,534,0,48
2020/3/20,Morocco,8,1,1
2020/3/20,Ireland,191,0,0
2020/3/20,Mongolia,1,0,0
2020/3/20,Israel,176,9,0
2020/3/20,Bailiwick of Jersey,7,0,0
2020/3/20,Moldova,13,0,0
2020/3/20,Guinea,1,0,0
2020/3/20,Chile,104,0,0
2020/3/20,Central African Republic,2,0,0
2020/3/20,Canada,196,1,3
2020/3/20,Cameroon,8,0,0
2020/3/20,Bulgaria,15,0,0
2020/3/20,Brunei,5,1,0
2020/3/20,Brazil,107,0,3
2020/3/20,Bosnia and Herzegovina,40,0,0
2020/3/20,Bolivia,1,0,0
2020/3/20,Belgium,462,0,23
2020/3/20,Belarus,18,12,0
2020/3/20,Bangladesh,3,0,0
2020/3/20,Honduras,15,0,0
2020/3/20,Burkina Faso,6,0,0
2020/3/20,Bahrain,16,0,0
2020/3/20,Portugal,0,0,1
2020/3/20,Armenia,14,0,0
2020/3/20,Argentina,31,0,1
2020/3/20,Andorra,21,0,0
2020/3/20,Algeria,8,0,1
2020/3/20,Albania,0,0,1
2020/3/20,Afghanistan,2,0,0
2020/3/20,China,121,731,5
2020/3/20,Costa Rica,18,0,0
2020/3/20,Croatia,33,1,1
2020/3/20,Guam,2,0,0
2020/3/20,Greece,46,0,0
2020/3/20,Ghana,7,0,0
2020/3/20,Gibraltar,5,0,0
2020/3/20,Australia,241,0,1
2020/3/20,Colombia,26,0,0
2020/3/20,Faroe,11,0,0
2020/3/20,Czech Republic,202,0,0
2020/3/20,Gabon,1,0,1
2020/3/20,French Guiana,4,0,0
2020/3/20,France,1861,698,108
2020/3/20,Guyana,1,0,0
2020/3/20,Finland,41,0,0
2020/3/20,Egypt,46,0,0
2020/3/20,Ethiopia,3,0,0
2020/3/20,Estonia,9,0,0
2020/3/20,Ecuador,105,0,1
2020/3/20,Dominican Republic,13,0,0
2020/3/20,Georgia,3,1,0
2020/3/20,Germany,1460,0,16
2020/3/20,Spain,2833,507,235
2020/3/20,Denmark,169,0,2
2020/3/20,Ukraine,10,0,1
2020/3/20,Cuba,5,0,0
2020/3/20,Mauritius,4,0,0
2020/3/20,Senegal,2,0,0
2020/3/20,The Islamic Republic of Mauritania,1,0,0
2020/3/20,Togo,8,1,0
2020/3/20,Trinidad and Tobago,2,0,0
2020/3/20,Turkey,168,0,2
2020/3/20,Thailand,50,1,0
2020/3/20,USA,3991,15,55
2020/3/20,Uruguay,15,0,0
2020/3/20,Uzbekistan,10,0,0
2020/3/20,Venezuela,9,0,0
2020/3/20,Cyprus,9,0,0
2020/3/20,Vietnam,12,1,0
2020/3/20,United Kingdom,643,14,40
2020/3/20,The Republic of Equatorial Guinea,2,0,0
2020/3/20,Saudi Arabia,36,0,0
2020/3/20,Democratic Republic of the Congo,4,0,0
2020/3/20,Seychelles,2,0,0
2020/3/20,Switzerland,450,0,0
2020/3/20,Singapore,40,7,0
2020/3/20,Sint Maarten,2,0,0
2020/3/20,Slovakia,18,0,0
2020/3/20,South Africa,86,0,0
2020/3/20,Slovenia,11,0,0
2020/3/20,Sweden,144,0,1
2020/3/20,Suriname,1,0,0
2020/3/20,Austria,367,0,0
2020/3/20,SriLanka,11,0,0
2020/3/21,Pakistan,47,0,1
2020/3/21,Norway,181,0,0
2020/3/21,Palestine,1,0,0
2020/3/21,Qatar,18,6,0
2020/3/21,Poland,70,0,0
2020/3/21,Peru,29,0,3
2020/3/21,Portugal,143,0,1
2020/3/21,Puerto Rico,1,0,0
2020/3/21,Republic of Rwanda,6,0,0
2020/3/21,French Polynesia,8,0,0
2020/3/21,Paraguay,7,0,0
2020/3/21,Panama,65,0,0
2020/3/21,New Zealand,14,0,0
2020/3/21,Republic of Serbia,17,0,1
2020/3/21,Madagascar,3,0,0
2020/3/21,Malta,5,0,0
2020/3/21,Martinique,9,0,0
2020/3/21,Mauritius,5,0,0
2020/3/21,Mexico,39,0,1
2020/3/21,Moldova,17,0,0
2020/3/21,Monaco,1,0,0
2020/3/21,Mongolia,1,0,0
2020/3/21,Morocco,11,0,0
2020/3/21,Namibia,1,0,0
2020/3/21,Lithuania,22,0,0
2020/3/21,Reunion,3,0,0
2020/3/21,Sweden,200,0,0
2020/3/21,Romania,31,6,0
2020/3/21,Trinidad and Tobago,2,0,0
2020/3/21,Tunisia,15,0,0
2020/3/21,Turkey,311,0,5
2020/3/21,Ukraine,3,0,0
2020/3/21,Iceland,79,0,0
2020/3/21,United Arab Emirates,0,0,2
2020/3/21,USA,4851,0,36
2020/3/21,Uruguay,16,0,0
2020/3/21,Zimbabwe,1,0,0
2020/3/21,Switzerland,288,0,4
2020/3/21,Lebanon,14,0,0
2020/3/21,San Marino,17,0,0
2020/3/21,Saudi Arabia,70,2,0
2020/3/21,Senegal,9,3,0
2020/3/21,Slovenia,55,0,0
2020/3/21,Latvia,25,0,0
2020/3/21,Slovakia,14,0,0
2020/3/21,Estonia,16,0,0
2020/3/21,Kingdom of Bhutan,1,0,0
2020/3/21,Canada,164,0,0
2020/3/21,Cayman Is,2,0,0
2020/3/21,Chad,1,0,0
2020/3/21,Chile,92,0,0
2020/3/21,China,29,584,6
2020/3/21,Costa Rica,26,0,1
2020/3/21,Cuba,5,0,0
2020/3/21,Cyprus,8,0,0
2020/3/21,Czech Republic,59,1,0
2020/3/21,Denmark,29,0,3
2020/3/21,Brazil,283,0,4
2020/3/21,Burkina Faso,7,0,0
2020/3/21,United Kingdom,714,0,33
2020/3/21,Albania,11,0,0
2020/3/21,Algeria,0,0,1
2020/3/21,Argentina,30,0,0
2020/3/21,Australia,52,0,0
2020/3/21,Austria,375,0,1
2020/3/21,Benin,1,0,0
2020/3/21,Bolivia,3,0,0
2020/3/21,Greece,31,5,3
2020/3/21,Iraq,16,0,4
2020/3/21,Ireland,126,0,1
2020/3/21,Dominican Republic,0,0,1
2020/3/21,Israel,0,1,1
2020/3/21,Ivory Coast,5,0,0
2020/3/21,Jordan,16,0,0
2020/3/21,Cambodia,12,0,0
2020/3/21,Kazakstan,3,0,0
2020/3/21,Italy,5986,689,627
2020/3/21,Guatemala,3,0,0
2020/3/21,Egypt,29,11,2
2020/3/21,Faroe,14,0,0
2020/3/21,Finland,50,0,0
2020/3/21,France,1617,287,78
2020/3/21,Korea,147,379,2
2020/3/21,French Guiana,4,0,0
2020/3/21,Germany,4409,45,24
2020/3/21,Gibraltar,2,0,0
2020/3/21,Bulgaria,20,0,1
2020/3/21,Ecuador,107,0,2
2020/3/21,Guam,7,0,0